url,titulo,compañia,descripcion,categoria,sub-categoria,educacion
https://www.occ.com.mx//empleo/oferta/17709249-embajador-de-ventas-infiniti/?ai=false&ais=&origin=unknown&page=2&rank=1&returnURL=%2Fempleos%2Fen-chihuahua%2F%3Fpage%3D2%231-premium&sessionid=&showseo=true&type=3&userid=&utm_channel=premium&utm_origin=web&uuid=cd188312-b564-4c17-b6ff-7626da7d7581&widgetCompany=false&geolocation=false,,,Infiniti ChihuahuaSolicitaEmbajador de VentasRequisitosPreparatoria terminadaExperiencia en VentasEnfoque en atención a clientesBuena PresentaciónEnfoque a resultadosSexo indistintoDisponibilidad de HorarioLicencia de conducir VigenteOfrecemosSueldo baseAtractivo esquema de comisiones sin topePrestaciones superiores a las de leyOportunidad de crecimiento,Ventas,Asesoría comercial,Bachillerato
https://www.occ.com.mx//empleo/oferta/17708552-disenadora-grafica/?ai=false&ais=&origin=unknown&page=2&rank=2&returnURL=%2Fempleos%2Fen-chihuahua%2F%3Fpage%3D2%232-premium&sessionid=&showseo=true&type=3&userid=&utm_channel=premium&utm_origin=web&uuid=cd188312-b564-4c17-b6ff-7626da7d7581&widgetCompany=false&geolocation=false,,,"Diseñadora GráficaDescripción de la empresaSomos una reconocida empresa ubicada en Chihuahua, Chihuahua. Contamos con un equipo altamente capacitado y tecnología de vanguardia para brindar a nuestros clientes los mejores resultados. Te brindamos la oportunidad de formar parte de un equipo profesional y comprometido en un ambiente de trabajo dinámico. Ubicación: Chihuahua, ChihuahuaRequisitos del puestoDisponibilidad de tiempo completoExperiencia en marketing digital y manejo de redes socialesFunciones:Encargada del departamento de marketing y publicidad de nuestra empresaPrestaciones y beneficios adicionalesOportunidad de crecimiento rápido según aptitudes y resultadosExcelente sueldo y comisionesAgradable ambiente de trabajo",Mercadotecnia - Publicidad - Relaciones Públicas,Marketing digital,Universitario titulado
https://www.occ.com.mx//empleo/oferta/17744901-tecnico-de-mantenimiento-chih/?ai=false&ais=&origin=unknown&page=2&rank=1&returnURL=%2Fempleos%2Fen-chihuahua%2F%3Fpage%3D2%231&sessionid=&showseo=true&type=0&userid=&utm_channel=serp&utm_origin=web&uuid=cd188312-b564-4c17-b6ff-7626da7d7581&widgetCompany=false&geolocation=false,,,"Empresa socia de Amedirh solicita ""TÉCNICO DE MANTENIMIENTO""REQUISITOSSecundaria concluida.1 año de experiencia en mantenimiento general y en aire acondicionado.Conocimientos de mantenimiento en equipos de aire acondicionado y refrigeración (indispensable).Nota: Disponibilidad para laborar 8 horas diarias, se trabaja 6 días a la semana y se descansa 1 día entre semana.COMPETENCIASServicio al cliente interno, trabajo en equipo, sentido de urgencia y organización.ACTIVIDADESGestionar y dar cumplimiento al plan de mantenimiento preventivo y correctivo a equipos de aire acondicionado y refrigeración.Planificar diariamente la ejecución del trabajo.Inventariar la disponibilidad de los repuestos o materiales requeridos con el objetivo de asegurar su ejecución con el menor impacto económico.Evaluar las mejoras necesarias a los equipos.Atención y seguimiento de reportes.Realizar trabajos en los equipos, áreas e instalaciones que involucren conocimientos técnico-prácticos en refrigeración, electricidad, pintura, plomería y tablaroca a fin de mantener el control y funcionamiento adecuado del complejo.Salario: $12,500 + Otros",Manufactura - Producción - Operación,Mantenimiento general,
https://www.occ.com.mx//empleo/oferta/17740935-tecnico-en-aire-acondicionado/?ai=false&ais=&origin=unknown&page=2&rank=2&returnURL=%2Fempleos%2Fen-chihuahua%2F%3Fpage%3D2%232&sessionid=&showseo=true&type=0&userid=&utm_channel=serp&utm_origin=web&uuid=cd188312-b564-4c17-b6ff-7626da7d7581&widgetCompany=false&geolocation=false,,,"?Cómo te apoyamos:Estamos comprometidos a contratar a las mejores y más talentosas personas en nuestra industria, y luego empoderarlos con los recursos y el apoyo para mejorar su salud, bienestar financiero y personal. Nuestra filosofía de beneficios subyacente es: ser justos con nuestra gente y brindar oportunidades para aquellos que aprovechan nuestros programas y recursos para aumentar su seguridad personal y financieraLos beneficios para empleados seleccionados incluyen:Contratación Directa por parte de la empresa.Sueldo Base.Prestaciones de Ley: IMSS, vacaciones, prima vacacional, aguinaldo.Seguro de Vida + apoyo de defunciónCapacitación constante.Asesorías varias (vía remota)Plataforma digital de bienestar, +1250 videos de entrenamientos de disciplinasCapacitación constante: +15,000 cursos Lo que implica este trabajo: Mantener en condiciones óptimas de operación y funcionalidad los sistemas de aire acondicionado y refrigeración del sitio en el que se encuentre asignadoNos encontramos en búsqueda de una persona dinámica para el puesto de Técnico HVAC para unirse a nuestro equipo:Zona de trabajo: General Roberto Fierro. Cd Juarez ChihuahuaHorario de trabajo: 6:00 am a 4:30 pm (Descanso sábado o domingo)Modalidad de trabajo: Presencial¿Cuál es tu día a día?* A cargo de equipos electricos baja y media tension, hvac, calefaccion y conservacion de edifcio, etc* Chillers, equipos paquete* Mantener en condiciones óptimas de operación y funcionalidad los sistemas de aire acondicionado y refrigeración del sitio en el que se encuentre asignado, tales como: Mini Split, Unidades paquete, Unidades inverter, Extractores e inyectores de aire, Cámaras de congelación, Cámaras de refrigeración, UMA (unidad manejadora de aire), ULAS (Unidades lavadoras de aire).* Revisar las ordenes o programas de trabajo asignadas a los equipos correspondientes.* Verificar el tipo de mantenimiento a ejecutar y en el caso de dudas aclarar con su jefe directo.* En función del tipo de servicio de mantenimiento, solicitar los materiales, insumos y herramientas de trabajo a ocupar al almacén a través del supervisor a cargo.* Utilizar los materiales y herramientas de manera correcta y en el caso de existir sobrantes, realiza el conteo y devolución correspondiente.* Generar sus permisos de trabajo RPR para la firma de su supervisor.* Realizar los servicios de mantenimiento en tiempo y forma.* Documentar y solicitar los cierres de ordenes de trabajo en sistema.* Ejecuta sus actividades con calidad, en los tiempos establecidos dentro del programa, utilizando los materiales e insumos asignados de manera correcta.* En el caso de que el cliente requiera trabajos especiales a los establecidos dentro del programa de mantenimiento, lo debe de reportar de manera inmediata a su supervisor, de tal modo que este pueda valorar si se procede o no a dicho requerimiento.Experiencia y habilidades técnicas deseadas* Preparatoria concluida y/o carrera técnica en sistema de refrigeración y aire acondicionado.* 3 años en el área de mantenimiento a equipos de refrigeración y aire acondicionado.* Manejo y reparación de sistemas HVAC.* Manejadoras de aire.* Electricidad industrial media y baja tensión.* Mecánica y sistemas de bombeo.* Se valorarán candidatos proactivos, orientados al trabajo en equipo y con una excelente actitud de servicio al cliente.Si esta descripción de trabajo resuena contigo, te alentamos a postularte incluso si no cumples con todos los requisitos. ¡Estamos interesados en conocerte y en el valor que puedas aportar a nuestra empresa!Acerca de JLLSomos JLL, una empresa líder en servicios profesionales y gestión de inversiones especializada en bienes raíces. Tenemos operaciones en más de 80 países y una fuerza laboral de más de 102,000 personas en todo el mundo que ayudan a los propietarios de bienes raíces, ocupantes e inversores a alcanzar sus ambiciones comerciales. Como compañía global Fortune 500, también tenemos la responsabilidad inherente de impulsar la sostenibilidad y la responsabilidad social corporativa. Es por eso por lo que estamos comprometidos con nuestro propósito de dar forma al futuro de los bienes raíces para un mundo mejor. Estamos utilizando la tecnología más avanzada para crear oportunidades gratificantes, espacios increíbles y soluciones inmobiliarias sostenibles para nuestros clientes, nuestra gente y nuestras comunidades.Nuestros valores fundamentales de trabajo en equipo, ética y excelencia también son fundamentales para todo lo que hacemos y nos sentimos honrados de ser reconocidos con premios por nuestro éxito por organizaciones tanto a nivel mundial como local.Creando una cultura diversa e inclusiva en la que todos nos sintamos bienvenidos, valorados y empoderados para alcanzar nuestro máximo potencial es importante para quienes somos hoy y hacia dónde nos dirigimos en el futuro. Y sabemos que los antecedentes, las experiencias y las perspectivas únicos nos ayudan a pensar en grande, a impulsar la innovación y a tener éxito juntos.Política de Privacidad",Manufactura - Producción - Operación,Mantenimiento mecánico,Bachillerato
https://www.occ.com.mx//empleo/oferta/17740930-cuentas-por-cobrar/?ai=false&ais=&origin=unknown&page=2&rank=3&returnURL=%2Fempleos%2Fen-chihuahua%2F%3Fpage%3D2%233&sessionid=&showseo=true&type=1&userid=&utm_channel=serp&utm_origin=web&uuid=cd188312-b564-4c17-b6ff-7626da7d7581&widgetCompany=false&geolocation=false,,,Facturación a clientesManejo de portales de clientesRealización y análisis de reportes de cuentas por cobrarCierres mensualesAclaraciones de saldosRealizar la cobranza en tiempo y formaEnviar los resultados y facturas de acuerdo al calendario y especificaciones de los clientes. Enviar a Cobro los contra recibos a los clientes.Dar seguimiento a los procesos de facturación y mantener el control de las facturas pendientes de cobroArchivo y organización de documentosProponer mejoras en los procesos,Contabilidad - Finanzas,Crédito y cobranza,Técnico
https://www.occ.com.mx//empleo/oferta/17740905-asesor-financiero-de-campo/?ai=false&ais=&origin=unknown&page=2&rank=4&returnURL=%2Fempleos%2Fen-chihuahua%2F%3Fpage%3D2%234&sessionid=&showseo=true&type=0&userid=&utm_channel=serp&utm_origin=web&uuid=cd188312-b564-4c17-b6ff-7626da7d7581&widgetCompany=false&geolocation=false,,,"¡¡¡Buscamos Talento como el tuyo!!! Esta es tu oportunidad ¿Tienes facilidad de palabra?¿te gusta el trato al cliente? ¿te gustaría crecer y obtener habilidades en área de banco? Únete a uno de los bancos más importantes a nivel Nacional como Asesor en ventas y Portabilidad de Nómina: ACTIVIDADES super sencillas:·    Invitar a candidatos para portar su nómina a uno de los bancos más reconocidos en México·    Colocación de productos financieros (TDC, PRESTAMOS Y APERTURAS DE NOMINA) REQUISITOS:·    Ambición por generar muy buenos ingresos·    Preparatoria terminada·    Experiencia comprobable OFRECEMOS:·    Sueldo base de $10,000·    Comisiones no topadas!!·    Prestaciones de ley + seguro de vida  NO DEJES PASAR ESTA OPORTUNIDAD...",Ventas,Ventas en general,Bachillerato
https://www.occ.com.mx//empleo/oferta/17740854-operador-de-planta-de-tratamiento-de-agua/?ai=false&ais=&origin=unknown&page=2&rank=5&returnURL=%2Fempleos%2Fen-chihuahua%2F%3Fpage%3D2%235&sessionid=&showseo=true&type=0&userid=&utm_channel=serp&utm_origin=web&uuid=cd188312-b564-4c17-b6ff-7626da7d7581&widgetCompany=false&geolocation=false,,,"Ecolab está buscando hombres y mujeres para desempeñarse como_Técnico de planta para tratamiento de aguas_y unirse al equipo Nalco Water líder en la industria. Si usted es un profesional apasionado que le gusta interactuar con los clientes y le gusta trabajar en un entorno autónomo y práctico, lo invitamos a aplicar. Se unirá a un equipo talentoso que apoya aplicaciones de tratamiento de agua para una variedad de industrias. En este puesto, ejecutará planes de servicio en cuentas estratégicas del distrito, brindará a los clientes asistencia para resolver problemas y generará altos niveles de satisfacción del cliente.Lo que te ofrece el cargo:Se unirá a una compañía grande y en crecimiento que ofrece un salario base competitivo y excelentes beneficiosDisfrutará de un programa de capacitación pagado que te permite aprender de profesionales exitososAcceso a los mejores recursos, herramientas y tecnología en su áreaProspere en una empresa que valora una cultura de seguridad para incluir entrenamiento de seguridad de primer nivel y equipo de protección personalLo que harás:Operación de tratamiento de agua de sistemas de enfriamientoMuestreo, análisis químico del aguaMonitoreo de parámetros de procesoDesasolvar residuosMantenimiento a equipos de tratamiento de aguaDetalles de la posición:Lugar de trabajo: Ciudad Juárez, ChihuahuaHorario y turnos: Rola turnos de 12 horas (esquema 4x3)Requisitos Minimos:Grado de Bachillerato, Técnico, Carrera trunca o afin.Experiencia de 6 meses trabajando en planta de tratamiento de aguas.Requisitos fisicos:Debe tener la capacidad de levantar/empujar/cargar 50 kilos a la altura del pecho.Debe poder acceder y sentirse cómodo trabajando en una variedad de condiciones (espacios confinados, lugares húmedos y / o polvorientos, condiciones de congelación y condiciones de calor)Debe ser capaz de realizar físicamente los deberes esenciales de la posición que incluyen levantar, inclinarse, arrodillarse, agacharse, estirarse, mantener el equilibrio, etc.Requisitos Deseables:Conocimiento caldera y sistema de enfriamientoExperiencia en resolución de problemas y mantenimiento de equipos industrialesExperiencia en el tratamiento de agua o en la industria química especializada.Conocimiento de trabajo de calderas, torres de enfriamiento y sistemas de tratamiento de aguas residuales.",Ingeniería,Ingeniería química,Bachillerato
https://www.occ.com.mx//empleo/oferta/17740808-auxiliar-administrativo-de-logistica/?ai=false&ais=&origin=unknown&page=2&rank=6&returnURL=%2Fempleos%2Fen-chihuahua%2F%3Fpage%3D2%236&sessionid=&showseo=true&type=1&userid=&utm_channel=serp&utm_origin=web&uuid=cd188312-b564-4c17-b6ff-7626da7d7581&widgetCompany=false&geolocation=false,,,"Horario: Lunes a SábadoSueldo bruto mensual $14,000 (menos deducciones)Sueldo diario $460.52REQUISITOS:Preparatoria.Manejo de Office (Excel).Manejo de personal.Proactivo(a).Trabajar bajo presión.Disponibilidad de horario.Vehículo propio. (Indispensable)Vivir cercas de Kilometro 20, por la Planta de Coca ColaSentido de Urgencia.ACTIVIDADES:Timbrar facturas de los viajes.Captura de remisiones.Seguimiento satelital a unidades en viajeCaptura de Diesel.Atención directa con el cliente.Revisar cargas de los remolques.Reporte de mantenimiento.Manejo de personal (choferes).",Logística - Transporte - Distribución - Almacén,Logística,Bachillerato
https://www.occ.com.mx//empleo/oferta/17740764-auxiliar-administrativo-y-facturacion/?ai=false&ais=&origin=unknown&page=2&rank=7&returnURL=%2Fempleos%2Fen-chihuahua%2F%3Fpage%3D2%237&sessionid=&showseo=true&type=0&userid=&utm_channel=serp&utm_origin=web&uuid=cd188312-b564-4c17-b6ff-7626da7d7581&widgetCompany=false&geolocation=false,,,"NOMBRE DE LA VACANTE: Auxiliar administrativo y facturación  BREVE DESCRIPCIÓN DE LA EMPRESA: Royal Dynamic Soluciones Logísticas es una empresa que presta servicios de Agencia Aduanal y Logística en Transporte, ubicada en Av. Insurgente 5026 Col. 2da Burócrata, en Ciudad Juárez, Chihuahua. REQUISITOS: Estudiante o egresado en Administración de empresas, Contaduría o carrera a fin.   EXPERIENCIA Y ACTITUDES: Capacidad de comunicaciónHabilidades organizativasAtención a detallesTrabajo en equipoCompetente en MS Office OFRECIMIENTOS:Vales de despensaPrestaciones de Ley TIPO DE PAGO: Quincenal RANGO DE PAGO: $ 13,000 – 17,000 pesos brutos mensuales ",Administrativo,Auxiliar administrativo,Universitario sin titulo
https://www.occ.com.mx//empleo/oferta/17740757-coordinador-ejecutivo-en-transporte/?ai=false&ais=&origin=unknown&page=2&rank=8&returnURL=%2Fempleos%2Fen-chihuahua%2F%3Fpage%3D2%238&sessionid=&showseo=true&type=0&userid=&utm_channel=serp&utm_origin=web&uuid=cd188312-b564-4c17-b6ff-7626da7d7581&widgetCompany=false&geolocation=false,,,"NOMBRE DE LA VACANTE: Coordinador ejecutivo en transporteBREVE DESCRIPCIÓN DE LA EMPRESA: Royal Dynamic Soluciones Logísticas es una empresa que presta servicios de Agencia Aduanal y Logística en Transporte, ubicada en Av. Insurgente 5026 Col. 2da Burócrata, en Ciudad Juárez, Chihuahua. REQUISITOS: Estudiante o egresado en Comercio Exterior o carrera a fin.   EXPERIENCIA Y ACTITUDES:           Capacidad de comunicación          Trabajo en equipo          Transporte y Distribución          Logística operativa OFRECIMIENTOS:Vales de despensaPrestaciones de Ley TIPO DE PAGO: Quincenal RANGO DE PAGO: $ 16,000 – 20,000 pesos brutos mensuales",Logística - Transporte - Distribución - Almacén,Logística,Universitario sin titulo
https://www.occ.com.mx//empleo/oferta/17740732-recepcionista-auditor-nocturno/?ai=false&ais=&origin=unknown&page=2&rank=9&returnURL=%2Fempleos%2Fen-chihuahua%2F%3Fpage%3D2%239&sessionid=&showseo=true&type=0&userid=&utm_channel=serp&utm_origin=web&uuid=cd188312-b564-4c17-b6ff-7626da7d7581&widgetCompany=false&geolocation=false,,,"·         NOMBRE DE LA VACANTE: RECEPCIONISTA / AUDITOR(A) NOCTURNO(A)·         BREVE DESCRIPCIÓN DE LA EMPRESA (Qué hace, en dónde se encuentra y otros aspectos relevantes) Hotel perteneciente a cadena líder en el ramo turístico internacional, con presencia en diferentes sedes de la república mexicana en sus diferentes marcas, fieles creyentes del desarrollo personal y profesional, comprometidos con la diversidad e inclusión que demanda la actualidad·         REQUISITOS: (Escolaridad, Disponibilidad, etc.) - CARRERA TÉCNIA, TRUNCA O TERMINADA·         EXPERIENCIA Y ACTITUDES: (Habilidades, competencias y conocimientos)?Disponibilidad de Horario, Polivalente, Multifuncional, Proactivo, y con Experiencia en servicio al clienteTrabajo en equipo, bajo presión y por objetivos, actitud de servicio, habilidad para la toma de decisiones, comunicación y resolución de problemas. ·         OFRECIMIENTOS: (sueldo, compensaciones, horario, prestaciones, viáticos, capacitaciones, o etc.) Pertenecer a cadena líder en el ramo del Turismo, sueldo Competitivo, prestaciones superiores a ley, fondo de ahorro, vales de despensa, servicio de comedor, capacitación constante.Tipo de puesto: Tiempo completo, Por tiempo indeterminado después del periodo de prueba de 3 meses·         TIPO DE PAGO: (Por hora, semanal, quincenal, mensual) - Pago Quincenal·         RANGO DE PAGO: $13,000 Mensual -",Turismo - Hospitalidad - Gastronomía,Hoteles,Técnico
https://www.occ.com.mx//empleo/oferta/17740713-representante-medico/?ai=false&ais=&origin=unknown&page=2&rank=10&returnURL=%2Fempleos%2Fen-chihuahua%2F%3Fpage%3D2%2310&sessionid=&showseo=true&type=1&userid=&utm_channel=serp&utm_origin=web&uuid=cd188312-b564-4c17-b6ff-7626da7d7581&widgetCompany=false&geolocation=false,,,"Estamos en búsqueda deRepresentante médicoRequisitos:Lic. ConcluidaCon experiencia: Mínimo 3 años en la industria farmacéutica, Conocimiento del mercado farmacéutico, técnicas de venta, implementación de acciones, comunicación asertiva y negociación.Ofrecemos:- Prestaciones de Ley.- Sueldo base + comisiones.(incentivos garantizados durante los primeros 3 meses).- Prestaciones de ley y superiores (Seguro de vida, gastos médicos mayores, fondo de ahorro).- Gasolina como herramienta de trabajo.- Contratación directa con el laboratorio.Si estas interesado envía tu CV ",Ventas,Ventas de campo,Universitario titulado
https://www.occ.com.mx//empleo/oferta/17740657-ehs-supervisor/?ai=false&ais=&origin=unknown&page=2&rank=11&returnURL=%2Fempleos%2Fen-chihuahua%2F%3Fpage%3D2%2311&sessionid=&showseo=true&type=0&userid=&utm_channel=serp&utm_origin=web&uuid=cd188312-b564-4c17-b6ff-7626da7d7581&widgetCompany=false&geolocation=false,,,"COMPANY BACKGROUNDFounded in 1957, Superior Industries has grown to become one of the largest light vehicle aluminum wheel suppliers in the world. A full-service provider, Superior offers a comprehensive portfolio of products with the largest manufacturing capacity of wheels in North America. Headquartered in Southfield, MI, Superior operates eight manufacturing facilities and employs approximately 8,000 people in North America and Europe. For over 60 years, the company has delivered innovative and quality products. Superior has the expertise and technology to deliver the latest trends and finish varieties. As a leading producer, Superior continues to pioneer innovative light weighting and finishing ec?hnologies to meet their customer's needs. Traded on the New York Stock Exchange (NTSE: SUP), Superior Industries had 2022 annual revenues of approximately $1.64 billion.PURPOSE OF THE POSITIONEnsure that the operation of the work center is carried out within the specifications of safety, hygiene and work environment established in the current Mexican legislation, international standards, clients and those established by the corporation, in order to avoid work risks and safeguard the physical integrity of the employees.EDUCATION Bachelor's degree in industrial, Electrical, Mechanic o related field.EXPERIENCE5 years of professional experience in Environment, Safety and Hygiene in large companies, preferably in the automotive industrySafety, Health and Environmental Management.Accident investigation. Hazard identification and risk assessment. KNOWLEDGEEnvironmental, safety and health legislation. International standards and procedures. ISO 14001:2015, ISO 45001: 2018. Self-management STPS. Clean Industry PROFEPA. Internal auditor in safety and environmental management systems.Fire systems, emergency plans and equipment.Knowledge of Radiation equipment type I-C before the CNSNS.Procedures before authorities (Civil Protection, STPS, etc.).Ergonomics.Six Sigma (desirable).Radiation Safety Manager in type C facilities (desirable).ENGLISHAdvanced Level.SKILLSTeamwork.Service attitude. Organization and follow-up.Personnel management.Integrity.Leadership.Results Driven.Effective Communicator.",Ingeniería,Seguridad e higiene,Universitario titulado
https://www.occ.com.mx//empleo/oferta/17740638-ejecutivo-de-cuenta-sr-/?ai=false&ais=&origin=unknown&page=2&rank=12&returnURL=%2Fempleos%2Fen-chihuahua%2F%3Fpage%3D2%2312&sessionid=&showseo=true&type=0&userid=&utm_channel=serp&utm_origin=web&uuid=cd188312-b564-4c17-b6ff-7626da7d7581&widgetCompany=false&geolocation=false,,,"Ejecutivo de Cuenta. (Ciudad Juárez Chihuahua)  ¿Te gustaría unirte a un equipo diverso e inclusivo? ¿Buscas impactar con tu conocimiento una empresa trasnacional líder? ¡Esta oportunidad está esperando por ti!Este es un rol presencial en la oficina de nuestro cliente en Ciudad Juárez Chihuahua. Aon está en el negocio de las mejores decisiones   En Aon, damos forma a las decisiones para mejoría para proteger y enriquecer las vidas de las personas alrededor del mundo.   Como organización, estamos unidos a través de la confianza como un equipo inclusivo y diverso, y nos apasiona ayudar a nuestros colegas y clientes a tener éxito.  Cómo será el día típico  • Sera el responsable del servicio al cliente de manera directa en Gastos Médicos, Vida. Daños, Autos.• Asesoría a los empleados sobre el uso de sus pólizas, tramites, rembolsos, cartas pase.• Elaboración de reportes mensuales referente a los tramites en proceso. • Elaboración de presentaciones, pláticas con los asegurados para la orientación del uso de los productos.• Proceso de renovación.• Reportes de siniestralidad. Habilidades y experiencia que conducirán al éxito  • Deberás contar con Licenciatura Económica Administrativa terminada.• Idiomas: inglés intermedio.• Herramientas Tecnológicas: (Word, Excel y Power Point).• Experiencia: Al menos 2 años en puestos similares o de atención y servicio, conocimiento en temas de seguros Vida, GMM, Daños, Autos. Cómo apoyamos a nuestros colegas   Además de nuestro paquete integral de beneficios, alentamos una fuerza laboral diversa. Además, nuestro entorno ágil e inclusivo le permite gestionar su bienestar y el equilibrio entre el trabajo y la vida, lo que garantiza que pueda ser su mejor ‘yo' en Aon. Además, todos nuestros colegas disfrutan de dos “Global Wellbeing Days” cada año, animándole a tomarse un tiempo para concentrarte en si mismo. Ofrecemos una variedad de soluciones de estilo de trabajo, pero también reconocemos que la flexibilidad va más allá del lugar de trabajo... y todos estamos a favor. ¡Lo llamamos Smart Working!  Nuestra cultura de aprendizaje continuo te inspira y te equipa para aprender, compartir y crecer, ayudándole a alcanzar su máximo potencial. Como resultado, en Aon, eres más relevante, más conectado, y más valorado.  Aon valora un lugar de trabajo innovador y diverso donde todos los colegas se sienten empoderados para ser auténticos. Aon se enorgullece de ser un lugar de trabajo con igualdad de oportunidades.    ",Seguros y reaseguros,Gestión de seguros,Universitario titulado
https://www.occ.com.mx//empleo/oferta/17740571-tecnico-electromecanico-zona-cd-juarez/?ai=false&ais=&origin=unknown&page=2&rank=13&returnURL=%2Fempleos%2Fen-chihuahua%2F%3Fpage%3D2%2313&sessionid=&showseo=true&type=1&userid=&utm_channel=serp&utm_origin=web&uuid=cd188312-b564-4c17-b6ff-7626da7d7581&widgetCompany=false&geolocation=false,,,"EMPRESA CON MAS DE 10 AÑOS DE EXPERIENCIA EN SU RAMO Y CON PRESENCIA EN LA REPUBLICA MEXICANA, ESTAMOS EN BUSQUEDA DE:TÉCNICO ELECTROMECÁNICOREQUISITOS:- 22 en Adelante.- Escolaridad: Secundaria Concluida o Bachillerato trunco y/o Concluido.- Experiencia: 2 años como mínimo desempeñando el puesto.- Contar con Disponibilidad para trasladarse.ACTIVIDADES:- Mantenimiento Preventivo y Correctivo de motores y acondicionadores eléctricos.- Operación y Monitoreo de Plantas Generadoras de Electricidad.- Instalación de Ductos Eléctricos.- Monitoreo de Transformadores y Acondicionadores Eléctricos.- Cambio de Luminarias. - Mantenimientos Periódicos.OFRECEMOS:- Sueldo Base (13,000) mensuales.- Prestaciones De Ley.- Seguro de Vida.- Capacitación Constante.- Crecimiento Laboral.- Excelente Ambiente Laboral.SI ESTAS INTERESADO, POTULATE POR ESTE MEDIO O COMUNCICATE AL NUMERO QUE APAREXE EN LA PUBLICACION PARA MAYOR INFORMACION O AGENDAR ENTREVISTA CON ATENCION A DIEGO LUNA.",Manufactura - Producción - Operación,Mantenimiento eléctrico,Secundaria
https://www.occ.com.mx//empleo/oferta/17740539-cajero-de-sucursal-bancaria/?ai=false&ais=&origin=unknown&page=2&rank=14&returnURL=%2Fempleos%2Fen-chihuahua%2F%3Fpage%3D2%2314&sessionid=&showseo=true&type=0&userid=&utm_channel=serp&utm_origin=web&uuid=cd188312-b564-4c17-b6ff-7626da7d7581&widgetCompany=false&geolocation=false,,,"Ofrecemos:Plan de carrera profesional. Capacitación antes de ingresar al puesto (Modelo Academia). Contratación directamente con Santander.Prestaciones superiores de Ley como:ü Veles Navideñoü Seguro de Gastos Médicos Mayoresü Plan de retiro ü Seguro de vida ü Permisos con goce de sueldoü Bono por Lactanciaü Créditos personalesü Descuentos en tiendas departamentales.ü Etc.Funciones principales:Brindar a los clientes atención sencilla, personal y justa, enfocado a los servicios bancarios como; depósitos, pagos, domiciliaciones y seguros. Promover productos bancarios como Tarjetas de crédito y seguros. Requisitos: Gusto y pasión por:1.    Atención al cliente.2.    Ventas3.    Cumplimiento de resultados.",Ventas,Ventas en general,Universitario titulado
https://www.occ.com.mx//empleo/oferta/17740435-docente-de-ingles/?ai=false&ais=&origin=unknown&page=2&rank=15&returnURL=%2Fempleos%2Fen-chihuahua%2F%3Fpage%3D2%2315&sessionid=&showseo=true&type=0&userid=&utm_channel=serp&utm_origin=web&uuid=cd188312-b564-4c17-b6ff-7626da7d7581&widgetCompany=false&geolocation=false,,,"NOMBRE DE LA VACANTE: Docente de InglésBREVE DESCRIPCIÓN DE LA EMPRESA: Institución educativa Ubicada en Av. Valentín Fuentes, brida servicio de educación Preescolar y Primaria REQUISITOS: Licenciatura en enseñanza del InglésEXPERIENCIA Y ACTITUDES: Experiencia frente a grupoOFRECIMIENTOS: Ofrece sueldo de $5,000 quincenales, vacaciones (semana santa, verano, navidad), horario de 7:30 a 3:00 de lunes a viernes, aguinaldo TIPO DE PAGO: QuincenalRANGO DE PAGO: $10,000 Mensual",Educación,Idiomas,Universitario titulado
https://www.occ.com.mx//empleo/oferta/17740428-ejecutivo-de-ventas/?ai=false&ais=&origin=unknown&page=2&rank=16&returnURL=%2Fempleos%2Fen-chihuahua%2F%3Fpage%3D2%2316&sessionid=&showseo=true&type=1&userid=&utm_channel=serp&utm_origin=web&uuid=cd188312-b564-4c17-b6ff-7626da7d7581&widgetCompany=false&geolocation=false,,,"Somos una empresa que cuenta con mas de 25 años en experiencia en el ramo funerario siempre enfocados en la satisfacción del cliente brindado un servicio integral a las familias Chihuahuenses en el momento mas difícil del ser humano, que es la perdida de un ser querido. El empleo consiste en asesorar a las familias de la ventajas que se que obtienen al adquirir una protección funeraria a futuro.",Ventas,Ventas en general,Bachillerato
https://www.occ.com.mx//empleo/oferta/17740410-ingeniero-de-calidad/?ai=false&ais=&origin=unknown&page=2&rank=17&returnURL=%2Fempleos%2Fen-chihuahua%2F%3Fpage%3D2%2317&sessionid=&showseo=true&type=0&userid=&utm_channel=serp&utm_origin=web&uuid=cd188312-b564-4c17-b6ff-7626da7d7581&widgetCompany=false&geolocation=false,,,"-INGENIERO INDUSTRIAL EQUIVALENTE O AFIN-1 AÑO DE EXPERIENCIA-LIDERAZGO-50% INGLES HABLADO- ESCRITO-EXPERIENCIA EN IATH 16949 & ISO 14001-EXPERIENCIA EN METODOS DE RESOLUCION DE PROBLEMAS-IMPLEMENTACION 5 S's-ATENCION AL CLIENTE-EXPERIENCIA EN ESTUDIOS DE TIEMPOS Y MOVIMIENTOS-EXPERIENCIA EN MANEJO DE PERSONAL-EXPERIENCIA EN ENTRENAMIENTO DE PERSONAL A CARGO-EXPERIENCIA EN PROYECTOS DE MEJORA-EXPERIANCIA EN METODOS DE RESOLUCION DE PROBLEMAS-EXPERIENCIA EN ADMINISTRACION, CREACION & ACTUALIZACION DE DOCUMENTOS-TRABAJO EN EQUIPO-CONOCIMIENTOS BASICOS DE CORE TOLOS-CONOCIMIENTOS BASICOS DE AUDITOR INTERNO-MANEJO DE OFFICE Y/O MINITAB-DISPONIBILIDAD DE HORARIOOFRECEMOS:SALARIO COMPETITIVOBUEN AMBIENTE DE TRABAJODESARROLLO LABORALCONSTANTES CAPACITACIONESPRESTACIONES DE LEYBENEFICIOS EXTRAS DURANTE LA ENTREVISTA?",Ingeniería,Ingeniería industrial,Universitario titulado
https://www.occ.com.mx//empleo/oferta/17740365-hr-business-associate/?ai=false&ais=&origin=unknown&page=2&rank=18&returnURL=%2Fempleos%2Fen-chihuahua%2F%3Fpage%3D2%2318&sessionid=&showseo=true&type=1&userid=&utm_channel=serp&utm_origin=web&uuid=cd188312-b564-4c17-b6ff-7626da7d7581&widgetCompany=false&geolocation=false,,,"HR Business AssociateProvide full-cycle human resources services that enable the organization to attract, manage, develop and retain colleagues with the skills necessary to meet customer needs and achieve business objectives.-Demonstrated knowledge of human resource management principles and practices, state and federal employment laws and regulations.-English 90% or B2.-Ensures human resources support to the supply chain organization: develops, manages, coordinates and administers a variety of programs and activities covering multiple human resources activities. Global ISC specific administration of day-to-day tasks.-Responsible for establishing and maintaining functional excellence in all human resources processes and practices for the entire employee life cycle (hire to retire). Consistently applies lean principles, a continuous improvement mindset and ensures standard work is maintained. Leverage and integrate technology to increase productivity, performance and engagement and facilitate a self-service environment for employees. Validates business unit data required for Workforce Administration.-Is a deep expert in all human resources programs, policies and delivery models and ensures compliance with regulatory requirements.-Operating as a change agent, supports the implementation and execution of broad corporate practices such as performance management approach, organizational development, talent reviews, succession planning and COE/shared services strategies.- Promotes the hiring of key ISC employees from application initiation through offer extension and throughout the onboarding process. Collaborates and partners effectively with the Talent Acquisition Center of Excellence in support of sourcing strategies and all parts of the process to ensure rapid, high-quality results for the business.-Identify and deliver training needs for the business. Collaborates and partners with COE Leadership and Talent Development as needed.-Responsible for managing and resolving complex employee relations issues, including conflicts, including supporting performance improvement plan development and delivery as required; conducts effective, thorough and objective investigations as necessary.-Acts as an enthusiastic team player with a strong drive to create a positive work environment. Promotes diversity and inclusion.-Provide oversight to human resources managers-Support in the organization of water mark events, meetings, communication, etc. for ISC employees-Perform the functions described in accordance with the Environmental Policy – ??Quality and the Environmental Management System, with the purpose of mitigating or eliminating the environmental impacts generated by the operation of the plant, as well as complying with the environmental objectives and goals.-Respond to contingencies in accordance with the provisions of the Safety and Environmental Regulations, in accordance with the Contingency Attention Plan in the event of forming any of the emergency brigades, as well as participate in the findings derived from the Safety Commission. Safety and Hygiene and on the tours, if you are a member.",Recursos humanos,Beneficios y compensaciones,Universitario titulado
https://www.occ.com.mx//empleo/oferta/17740360-staff-de-sueldos-y-beneficios/?ai=false&ais=&origin=unknown&page=2&rank=19&returnURL=%2Fempleos%2Fen-chihuahua%2F%3Fpage%3D2%2319&sessionid=&showseo=true&type=0&userid=&utm_channel=serp&utm_origin=web&uuid=cd188312-b564-4c17-b6ff-7626da7d7581&widgetCompany=false&geolocation=false,,,"Como Staff de Sueldos y Beneficios en Deloitte, serás responsable de apoyar en el levantamiento de información y documentación de las auditorías que te sean asignadas, buscando en todo momento el aseguramiento de calidad en tus actividades, entregables y la constante retroalimentación por parte del/de la cliente y tu Encargado(a). Trabajarás en equipo y contarás con constante supervisión para garantizar la excelencia en el servicio brindado. Tus principales actividades serán la revisión de pagos al IMSS, INFONAVIT y Contribuciones Locales, determinación de salario base de cotización, revisión de bases de pago del impuesto sobre nómina, impuesto predial, derechos por el suministro de agua, entre otros. Gestionarás una relación directa con nuestros(as) clientes para comprender y detectar a fondo sus necesidades. El perfil que necesitas para desempeñarte en este rol es: • Ser Estudiante, Pasante o Titulado(a) de Licenciatura en Contaduría • Experiencia no necesaria. • Nivel de inglés intermedio (preferentemente). • Manejo de paquetería Microsoft Office. • Atributos adicionales: atención al cliente, capacidad de análisis, compromiso, comunicación efectiva y asertiva, liderazgo, proactividad, integridad profesional. Conoce nuestra Línea de Servicio: Sueldos y Beneficios En Sueldos y Beneficios Deloitte, entendemos que las obligaciones fiscales derivadas de una relación laboral o provenientes de esquemas de tercerización, son una parte fundamental que permiten a la empresa una ventaja competitiva en la medida en que se encuentren identificadas y controladas. Con un modelo innovador y altamente tecnificado, hacemos que la tecnología brinde eficiencia e información para una toma de decisiones estratégica. Brindamos revisiones sobre el adecuado cumplimiento de las obligaciones fiscales, a través de informes de atestiguamiento para efectos del Seguro Social, INFONAVIT y Gobiernos Estatales. Además, ayudamos a resolver problemas críticos relacionados con las obligaciones laborales, apoyando con diagnósticos de compra en materia laboral y asesoría en el cumplimiento de las obligaciones derivadas de una relación con el capital humano",Contabilidad - Finanzas,Auditoría,Universitario sin titulo
https://www.occ.com.mx//empleo/oferta/17740274-tecnico-de-extrusion/?ai=false&ais=&origin=unknown&page=2&rank=20&returnURL=%2Fempleos%2Fen-chihuahua%2F%3Fpage%3D2%2320&sessionid=&showseo=true&type=1&userid=&utm_channel=serp&utm_origin=web&uuid=cd188312-b564-4c17-b6ff-7626da7d7581&widgetCompany=false&geolocation=false,,,"Importante empresa en el ramo del PVC, solicita: Técnico de extrusiónRequisitos:Técnico en mantenimiento industrial, TSU o técnico electromecánicoConocimiento de maquinaria y herramientas de mediciónResponsable y proactivoConocimiento en procedimientos de producciónDisponibilidad de rotar turnosOfrecemos:Sueldo baseBuen ambiente laboralPrestaciones superiores a las de leyVales de despensa",Manufactura - Producción - Operación,Manufactura,Técnico
https://www.occ.com.mx//empleo/oferta/17707186-trabajo-para-estudiantes-medio-tiempo-call-center/?ai=false&ais=&origin=unknown&page=3&rank=1&returnURL=%2Fempleos%2Fen-chihuahua%2F%3Fpage%3D3%231-premium&sessionid=&showseo=true&type=3&userid=&utm_channel=premium&utm_origin=web&uuid=5201e064-c543-4fd0-b93f-128635b28c3d&widgetCompany=false&geolocation=false,,,"Aprovecha estas vacaciones decembrinas para comenzar con un trabajo nuevo y generar ingresos extrasRequisitos:Inglés conversacionalSecundaria concluidaVIVIR en CHIHUAHUA Te ofrecemos:Salario base + bonos (ingreso mensual de hasta 10,500 mxn por medio tiempo)Prestaciones de ley + superioresOportunidad de crecimientoDescuentos con establecimientos y convenios con universidadesCapacitación pagada, después de la capacitación nos adecuamos a tus horarios de la escuelaRecuerda que la información que nos compartes será tratada de acuerdo a los fines contenidos en nuestro Aviso de Privacidad.",Atención a clientes - Call Center,Atención al cliente,Secundaria
https://www.occ.com.mx//empleo/oferta/17706869-ejecutivo-de-reservaciones/?ai=false&ais=&origin=unknown&page=3&rank=2&returnURL=%2Fempleos%2Fen-chihuahua%2F%3Fpage%3D3%232-premium&sessionid=&showseo=true&type=3&userid=&utm_channel=premium&utm_origin=web&uuid=5201e064-c543-4fd0-b93f-128635b28c3d&widgetCompany=false&geolocation=false,,,No dejes pasar esta gran oportunidad laboral ¡No requieres experiencia laboral!Actividades a ejecutar: asistencia telefónica en reservaciones de autos para importante empresa internacionalRequisitos solicitados:Inglés avanzadoHabitar en Chihuahua capitalDisponibilidad de horarioCertificado de preparatoriaTe brindamos los siguientes beneficios:Salario baseAtractivos bonos de desempeñoOportunidad de crecimientoPrestaciones superioresCapacitación constanteEstabilidad laboral¡Unete a nuestro gran equipo de trabajo!,Atención a clientes - Call Center,Atención al cliente,Bachillerato
https://www.occ.com.mx//empleo/oferta/17740256-almacenista/?ai=false&ais=&origin=unknown&page=3&rank=1&returnURL=%2Fempleos%2Fen-chihuahua%2F%3Fpage%3D3%231&sessionid=&showseo=true&type=0&userid=&utm_channel=serp&utm_origin=web&uuid=5201e064-c543-4fd0-b93f-128635b28c3d&widgetCompany=false&geolocation=false,,,"Se solicita almacenistaRequisitos:con experiencia 1 a 2 años en manejo de inventariosmanejo de Officecontrol de stocktrámite de documentaciónregistro de archivosmanejo de SAPmesa de controlrecepción y embarque;manejo medio-avanzado de Excel (indispensable).Habilidades:Trabajo en equipoproactivoorganizadoresolución de problemaspuntual y orientado a resultados.Contamos con prestaciones de ley y sueldo desde los 12,000.00 a los 14,000.00,buen ambiente laboral.",Logística - Transporte - Distribución - Almacén,Almacén - Inventario,Bachillerato
https://www.occ.com.mx//empleo/oferta/17740252-ingeniero-de-calidad-jr/?ai=false&ais=&origin=unknown&page=3&rank=2&returnURL=%2Fempleos%2Fen-chihuahua%2F%3Fpage%3D3%232&sessionid=&showseo=true&type=1&userid=&utm_channel=serp&utm_origin=web&uuid=5201e064-c543-4fd0-b93f-128635b28c3d&widgetCompany=false&geolocation=false,,,"Importante empresa en el ramo del PVC está en búsqueda de un Ingeniero QuímicoConocimientos:Formulando con compuestos de PVC / pigmentación de materialActividades administrativas sobre la operación; calidad en piso de producción, calidad de proveedores, seguimiento a quejas de cliente, proceso, productoManejo de área de calibración / laboratorioManejo de equipo de medición (Tensión, densímetro, durómetro, horno, prensas, vernier, charpy, etc.)Reproceso para materiales plásticos (PVC)Control de fórmulas y costeoSeguimiento en tiempo y forma a quejas de cliente, acciones correctivas, preventivas, predictivasHabilidad de analizar y elaborar compuestos de varias fuentes y materiales recicladosGiro de extrusión de PVCActividades:Realizar evaluaciones sobre el comportamiento y avances del desempeño de la operación generalRealización, medición, control y mejoramiento de fórmulas de materia primaRealizar propuestas de mejora durante la operación (materiales, maquinaria, métodos, etc.)Mantener equipo de laboratorio en óptimas condiciones para la operaciónAuditar todas las áreas que influyen en los procesos de transformación de la materia prima y en el sistema de gestión de calidadCoordinar la actualización de los documentos de los diferentes departamentosRealizar auditorías internas a los diferentes procesos que conforman a la organización (Proceso, producto, documentos)Registrar, controlar los análisis, parámetros, especificaciones, fichas técnicas, hojas de seguridad, etc. de materia recibida y entregadaRealizar análisis de riesgos (seguridad, materiales, formulación, operaciones, etc.)Ofrecemos:Salario competitivoPrestaciones superiores a las de leyVales de despensaFondo de ahorro",Manufactura - Producción - Operación,Manufactura,Universitario titulado
https://www.occ.com.mx//empleo/oferta/17739049-monitorista-seguridad-retail/?ai=false&ais=&origin=unknown&page=3&rank=3&returnURL=%2Fempleos%2Fen-chihuahua%2F%3Fpage%3D3%233&sessionid=&showseo=true&type=0&userid=&utm_channel=serp&utm_origin=web&uuid=5201e064-c543-4fd0-b93f-128635b28c3d&widgetCompany=false&geolocation=false,,,"MONITORISTA SEGURIDAD RETAIL   Descripción general del puesto: Contribuir en la prevención de incidencias ocurridas en las operaciones del Grupo Bafar por medio de la observación de los procesos, lineamientos y normas ya establecidas, detectando y reportando las acciones que generen un riesgo, así como de recibir alertas y generar respuestas de seguridad de acuerdo a los protocolos de emergencias y crisis.   Requisitos: Edad: 25 a 35 años Sexo: Masculino Escolaridad: Técnico en mantenimiento de sistemas electrónica, Técnico en electrónica, Técnico en mantenimiento industrial. Estado civil: indistinto  Áreas de experiencia: 1 años de experiencia en: Elaboración de reportes Sistemas de Seguridad Electrónica (CCTV y Alarmas) Monitoreo cámaras de seguridad Monitoreo de transporte de carga (T1 y T2)   Conocimientos específicos: Paquete office - básico Sistemas CCTV y Alarmas Control de accesos, alarmas, comunicación   Principales responsabilidades: Detectar de manera oportuna los incumplimientos de normas, procesos, actos inseguros, llevando a cabo la vigilancia de protección perimetral, atendiendo las solicitudes de búsqueda de videos de accidentes laborales, robos, daños, etc., así como revisar el funcionamiento de cámaras por medio del Check List, con el objetivo de que todo se encuentre en correcto funcionamiento para las operaciones correspondientes. Recibir reporte de proveedores de alarmas de cierres de sucursal y da seguimiento para el alarmado correcto, así como a las activaciones de alarma y verificar la ocurrencia de un siniestro; recibir los avisos de robos, asaltos e intrusiones y los atiende de acuerdo a protocolos, supervisar los procesos de seguridad (retiros parciales y depósitos de efectivo) y atender solicitudes de búsqueda de videos de accidentes, robos, daños, etc. Recibir del proveedor de monitoreo de embarques, avisos de siniestros para apoyar e indicar acciones iniciales y posterior canalizar al Coordinador Regional y Gerente de Seguridad Patrimonial para su atención. Detectar de manera oportuna los incumplimientos de normas, procesos, actos inseguros, atendiendo las solicitudes de búsqueda de videos de accidentes laborales, robos, daños, etc., así como revisar el funcionamiento de cámaras por medio del Check List, con el objetivo de que todo se encuentre en correcto funcionamiento para las operaciones correspondientes. Registrar en la base de datos master todos los incidentes ocurridos, elaborando un reporte en formato oficial de cada uno de ellos   Habilidades: Enfoque a Resultados - Logro de Objetivos Control de Procesos-Ejecución Apego a Normas Capacidad para Aprender Responsabilidad Actitud de Servicio Organización Solución de problemas - Capacidad de Análisis Trabajo en Equipo - Colaborar por Resultados  Consulta nuestro aviso de privacidad a través de https://grupobafar.com/generales/legales-y-aviso-de-privacidad/    ",Servicios generales - Oficios - Seguridad,Otros oficios,
https://www.occ.com.mx//empleo/oferta/17740141-ingeniero-de-proyectos/?ai=false&ais=&origin=unknown&page=3&rank=4&returnURL=%2Fempleos%2Fen-chihuahua%2F%3Fpage%3D3%234&sessionid=&showseo=true&type=0&userid=&utm_channel=serp&utm_origin=web&uuid=5201e064-c543-4fd0-b93f-128635b28c3d&widgetCompany=false&geolocation=false,,,"Las responsabilidades del puesto incluyen:•Desarrollar propuestas técnicas y comerciales de acuerdo con las necesidades del cliente resaltando el valor agregado y los beneficios de la solución.•Entregar las propuestas en tiempo de acuerdo con las necesidades del cliente, equipo de ventas, del mercado y procedimientos de CS.•Recabar información sobre las necesidades del cliente directamente en sus instalaciones y con el apoyo del Ing. de Ventas y/o Ings. de Aplicaciones del segmento.•Presentación de propuestas directamente con el cliente de acuerdo con sus necesidades y ajustando la presentación al equipo requerido, técnico, comercial y/o gerencial.•Trabajo en equipo influenciando a otras áreas de la empresa para el cumplimiento de sus tareas en tiempo y forma de acuerdo con las necesidades de los clientes y los procedimientos establecidos de CS (compras, ingeniería, desarrollo de proyectos, almacén, desarrollo de software y servicio técnico)•Participación de manera activa en juntas de kick-off interno de CS proporcionando toda la información necesaria sobre el proyecto a los integrantes del equipo de trabajo de CS.•Cálculo, dimensionamiento y selección de equipos para diferentes tipos de tecnologías como EA, PA y PNA•Responsable de adquirir nuevos conocimientos sobre productos y tecnologías de Festo de forma independiente para aplicar en el desarrollo de nuevas propuestas y compartirlos con el resto del equipo.•Constante comunicación con proveedores y fabricantes de equipos en el entorno para generar sinergia y ofrecer mejores productos o servicios al cliente final•Detección de oportunidades del mercado en conjunto con el área de ventas, principalmente realizando visitas en campo.Conocimientos, habilidades y experiencia: • Ingeniería Mecatrónica, Robótica, Mecánico-Eléctrico, Control y Automatización o carreras afin•Conocimientos técnicos en mecánica, eléctrico, electrónica, neumática y programación de PLC's•Conocimiento de buses de campo (características, aplicaciones y arquitectura de conexión)•Conocimiento de diseño, elaboración y lectura de diagramas eléctricos y neumáticos•Conocimiento de herramientas de cálculo y selección de equipos Festo (HGO, PACPAP, PVA Tool, Electric Motion Sizing) – Deseable•Conocimiento de los procesos internos de Festo (ventas, compras, crédito y cobranza, importaciones, etc.) - Deseable•Experiencia mínima de dos años como Ingeniero de Proyectos ó puesto similar•Experiencia en Automatización Industrial, (1-2 años)•Conocimiento de procesos en la Industria Automotriz (procesos, normas y herramientas)•Conocimiento de procesos en la Industria Alimenticia (procesos, normas y herramientas)•Conocimiento de procesos en la Industria ELA (procesos, normas y herramientas)Software:•Conocimientos de SAP nivel intermedio, Conocimientos intermedios de Office, Word, Excel, Power Point, Conocimiento básico de software de diseño Autocad, Solid Works, E-Plan, Conocimientos técnicos de software de programación.•Conocimientos en la Administración, planeación de proyectos, y uso de las metodologias del PMBook.•Inglés nivel intermedio.",Ingeniería,Ingeniero,Universitario titulado
https://www.occ.com.mx//empleo/oferta/17740132-ayudante-de-chofer/?ai=false&ais=&origin=unknown&page=3&rank=5&returnURL=%2Fempleos%2Fen-chihuahua%2F%3Fpage%3D3%235&sessionid=&showseo=true&type=0&userid=&utm_channel=serp&utm_origin=web&uuid=5201e064-c543-4fd0-b93f-128635b28c3d&widgetCompany=false&geolocation=false,,,"INTERCERAMIC BUSCA AYUDANTE DE CHOFERFUNCIONES:Encargado de realizar tareas asociadas con el movimiento de mercancía de un lugar a otro, para facilitar el surtido de pedidos, entregas a domicilio, apoyo en general en los procesos operativos del AlmacénOFRECEMOS:pago semanalprestaciones de leyseguro de vidaseguro de gastos medicos mayoresvales de despensauniformes gratiscomida varios dias a la semanabono de contratacionTipo de puesto: Tiempo completoSalario: $10,800.00 - $11,000.00 al mesPrestaciones:Aumentos salarialesCaja de ahorroDescuentos y precios preferencialesEstacionamiento de la empresaOpción a contrato indefinidoSeguro de vidaUniformes gratuitosVacaciones adicionales o permisos con goce de sueldoVales de despensaEducación:Secundaria terminada (Deseable)Lugar de trabajo: Empleo presencial",Logística - Transporte - Distribución - Almacén,Embarque y distribución,Secundaria
https://www.occ.com.mx//empleo/oferta/17740086-auxiliar-de-compras/?ai=false&ais=&origin=unknown&page=3&rank=6&returnURL=%2Fempleos%2Fen-chihuahua%2F%3Fpage%3D3%236&sessionid=&showseo=true&type=0&userid=&utm_channel=serp&utm_origin=web&uuid=5201e064-c543-4fd0-b93f-128635b28c3d&widgetCompany=false&geolocation=false,,,Auxiliar de comprasRequisitos:Experiencia mínima de 1 añoPreparatoria o carrera truncaHabilidad para negociarOfrecemos: Sueldo base y prestaciones de leyEstabilidad laboralHorario de lunes a viernes de 8:00 am - 5:00 pmServicio de comedorFondo de ahorro,Administrativo,Compras,Bachillerato
https://www.occ.com.mx//empleo/oferta/17740060-almacenista/?ai=false&ais=&origin=unknown&page=3&rank=7&returnURL=%2Fempleos%2Fen-chihuahua%2F%3Fpage%3D3%237&sessionid=&showseo=true&type=0&userid=&utm_channel=serp&utm_origin=web&uuid=5201e064-c543-4fd0-b93f-128635b28c3d&widgetCompany=false&geolocation=false,,,"Descripción del empleoPUESTO DE ALMACENISTA CENTRO DE DISTRIBUCION INTERCERAMICofrecemos:sueldo diariosueldo semanalFunciones:Encargado de realizar tareas asociadas con el movimiento de mercancía de un lugar a otro, para facilitar el surtido de pedidos, apoyo en general en los procesos operativos del Almacén, y recuperación de material en ubicación, y reacondicionamiento de tarimas y producto restante del proceso de surtido, carga de unidades de reparto, elaboración de conteos cíclicos.Horario:de lunes a viernes 10:00a 7:00pm sábados 9:00am a 2:00pm con media hora de comidaingresamos a un periodo de capacitación durante 3 mesesprestaciones superiores a la leyseguro de vidapago semanal (una semana de desface)vales de despensa del fondo de ahorro 3 meses se da la plantaoportunidades de crecimientoSin problemas para cargar cosas pesadasTipo de puesto: Tiempo completoEntorno físico:AlmacénHorario:Turno de 8 horasPrestaciones:Caja de ahorroSeguro de vidaUniformes gratuitosVales de despensaLugar de trabajo: Empleo presencial",Logística - Transporte - Distribución - Almacén,Almacén - Inventario,Secundaria
https://www.occ.com.mx//empleo/oferta/17739988-encargada-clinica-de-belleza-cierre-de-ventas-fashion-mall/?ai=false&ais=&origin=unknown&page=3&rank=8&returnURL=%2Fempleos%2Fen-chihuahua%2F%3Fpage%3D3%238&sessionid=&showseo=true&type=1&userid=&utm_channel=serp&utm_origin=web&uuid=5201e064-c543-4fd0-b93f-128635b28c3d&widgetCompany=false&geolocation=false,,,"Europiel Laser CenterCENTRO COMERCIAL FASHION MALL EN CHIHUAHUACompañía Internacional de Depilación Láser con más de 150 sucursales a nivel internacional con presencia en todo México, USA, Honduras, Costa Rica, Colombia, España, Brasil y Chile. Funciones principalesCierre de ventas con los clientes actuales y los clientes nuevos que consiguen sus promotoras.(No es trabajo en campo o prospección, a la clínica llegan clientes que alguien mas prospecta)Tendrá un equipo de trabajo consigo (promotoras y enfermeras que realizan los tratamientos)Actividades administrativas de la clínicaApertura y cierre de la clínicaAtención a clientes, post-venta y seguimiento a tratamientos adquiridos.Generar cumplimiento de metas y objetivos de las personas de su equipo.OfrecemosPrestaciones de ley,Contrato laboral indefinidoEstabilidad de empleo.Sueldo base + comisiones (5%) + bonos.Ingresos desde $30,000 a $35,000 mensuales libresCapacitación de manera permanente y entrenamiento para crecimiento dentro de la empresa.Carrera interna y crecimiento laboral, debido a que estamos en crecimiento en un corto plazo se le brinda crecimiento para aperturar clínicas nuevas, ser capacitador/a y entrenadora de nuevos elementos o ser gerente comercial teniendo mas sucursales a su cargo.RequisitosSexo indistintoEdad indistintaGusto absoluto por las ventasTrato con clientesActitud servicialTrabajo bajo resultadosLiderazgo para dirigir equipo de trabajoExperiencia en ventasPersona con disponibilidad horariaIncluyendo fines de semana (Descanso entre semana el martes o miércoles)Disponibilidad para viajar a Monterrey o CDMX para una capacitación, todos los gastos cubiertos por la empresa.*CONTRATACIÓN INMEDIATA*",Ventas,Ventas en general,Bachillerato
https://www.occ.com.mx//empleo/oferta/17739983-coordinador-de-almacen-cedis/?ai=false&ais=&origin=unknown&page=3&rank=9&returnURL=%2Fempleos%2Fen-chihuahua%2F%3Fpage%3D3%239&sessionid=&showseo=true&type=0&userid=&utm_channel=serp&utm_origin=web&uuid=5201e064-c543-4fd0-b93f-128635b28c3d&widgetCompany=false&geolocation=false,,, Col. Robinson Industrial / chihuahua ?Experiencia requerida: 3 a 5 años en actividades similares enunciadas a continuación:•Conocimientos Específicos:•Planeación y administración de transporte (ruteo)•Administración de Inventarios•Políticas y Estándares de la Operación •Competencias Requeridas:•Orientación al Cliente•Liderazgo•Trabajo en equipo•Habilidad analítica y resolución de problemas •Actividades específicas:•Gestión de las operaciones necesarias para el funcionamiento adecuado del CEDIS•Aseguramiento y coordinación adecuada de los planes de carga y descarga.•Coordinación operativa y administrativa del Cedis y sus instalaciones.•Asegurar el desarrollo del personal y un clima laboral adecuado. •Idioma: Inglés B2,Logística - Transporte - Distribución - Almacén,Embarque y distribución,Universitario titulado
https://www.occ.com.mx//empleo/oferta/17739973-coordinador-de-refacciones/?ai=false&ais=&origin=unknown&page=3&rank=10&returnURL=%2Fempleos%2Fen-chihuahua%2F%3Fpage%3D3%2310&sessionid=&showseo=true&type=0&userid=&utm_channel=serp&utm_origin=web&uuid=5201e064-c543-4fd0-b93f-128635b28c3d&widgetCompany=false&geolocation=false,,,"BuscamosCoordinador de RefaccionesPerfil:               Enfoque en control y ejecución.               Habilidades en manejo de información y Excel.               Manejo de equipos de trabajo.               Preferentemente experiencia en el área comercial.Responsabilidades:               Planeacion de la ruta de mayoreo.               Accesorizacion de unidades y comunicación con F&I.               Control de almacén y pedidos a planta.               Administración de RIM de la sucursal.               Venta por OEConnection.               Coordinación del personal. (asistencia, permisos, etc)               Reportes de Venta de refacciones y margen.               Complimiento del presupuesto de venta de refacciones.         ",Servicios generales - Oficios - Seguridad,Ayudante general,Universitario titulado
https://www.occ.com.mx//empleo/oferta/17739897-ejecutivo-de-ventas-ti/?ai=false&ais=&origin=unknown&page=3&rank=11&returnURL=%2Fempleos%2Fen-chihuahua%2F%3Fpage%3D3%2311&sessionid=&showseo=true&type=1&userid=&utm_channel=serp&utm_origin=web&uuid=5201e064-c543-4fd0-b93f-128635b28c3d&widgetCompany=false&geolocation=false,,,"ACERCA DE LA EMPRESAEmpresa líder en el ramo de tecnología con más de 15 años de experiencia se encuentra en búsqueda de Account Manager para área de TI.ACTIVIDADES:Llamadas con clientesGestión de presupuestosVisitas en campoManejo de cartera de clientesDemostraciones, presentaciones de producto, cumplimiento de capacitaciones, negociación con tomadores de decisión.Manejo de objecionesGestión y entendimiento de proyectosComparativas de preciosGestión de logísticaSeguimiento a clientesReporteo diario, manejo de expedientes de clientesGeneración de cotizacionesProcesamiento de órdenes de compra y facturasCONOCIMIENTOS:Carrera en: sistemas computacionales, administración, Ingeniería en software, o afín2 años de experiencia en el área de ventas consultivasConocimiento en tecnologías de información.Conocimiento básico en Fortinet, Cisco, Aruba O Zebra.Persona organizada, pro activo, comunicación asertivaProceso de ventaExcel OFRECEMOS:Sueldo competitivoPrestaciones de leyBuen ambiente de trabajoOportunidad de crecimientoComisionesHerramientas de trabajoHORARIO:Lunes a Viernes de 8:30 am a 5:00 pm Sábados de 9:00 am a 1:00 pm?",Tecnologías de la Información - Sistemas,Consultoría TI,Universitario titulado
https://www.occ.com.mx//empleo/oferta/17739885-asesor-valuador/?ai=false&ais=&origin=unknown&page=3&rank=12&returnURL=%2Fempleos%2Fen-chihuahua%2F%3Fpage%3D3%2312&sessionid=&showseo=true&type=0&userid=&utm_channel=serp&utm_origin=web&uuid=5201e064-c543-4fd0-b93f-128635b28c3d&widgetCompany=false&geolocation=false,,,OFRECEMOSSUELDO BASEESQUEMA DE COMISIONESPRESTACIONES DE LEYCAPACITACION Y OPORTUNIDAD DE CRECIMIENTOVALES DE DESPENSA REQUISITOS DISPONIBILIDAD DE HORARIO PRO ACTIVO Y RESPONSABLE LICENCIA DE CONDUCIR VIGENTE EXPERIENCIATALLER DE PINTURA CONOCIMIENTO PARTES DE COLISIÓN MANEJO DE ALMACEN CONTROL DE INVENTARIOS ,Logística - Transporte - Distribución - Almacén,Almacén - Inventario,Bachillerato
https://www.occ.com.mx//empleo/oferta/17739763-tecnico-de-linea-smt/?ai=false&ais=&origin=unknown&page=3&rank=13&returnURL=%2Fempleos%2Fen-chihuahua%2F%3Fpage%3D3%2313&sessionid=&showseo=true&type=0&userid=&utm_channel=serp&utm_origin=web&uuid=5201e064-c543-4fd0-b93f-128635b28c3d&widgetCompany=false&geolocation=false,,,"TECNICO DE LINEA EN SMT 2DO Y 3ER TURNORequisitos: carrera técnica e electrónica, electromecánica, mecatrónica y relacionadasExperiencia: en maquiladora si fue maquiladora electrónica es un plus! ((no es necesario hayas trabajado en área técnica))Disponibilidad para laborar tiempo extraOfrecemos: Salario competitivo semanal, vales despensa, bono de puntualidad, bono de asistencia, fondo de ahorro, transporte, comedor, crecimiento laboral, entre muchas prestaciones masZONA DE TRABAJO PARQUE INDUSTRIAL EL QUIJOTE AL NORTE DE LA CD. TENEMOS TRANSPORTE PRACTICAMENTE A TODA LA CIUDAD",Manufactura - Producción - Operación,Mantenimiento general,Técnico
https://www.occ.com.mx//empleo/oferta/17739683-auxiliar-de-cuentas-por-pagar/?ai=false&ais=&origin=unknown&page=3&rank=14&returnURL=%2Fempleos%2Fen-chihuahua%2F%3Fpage%3D3%2314&sessionid=&showseo=true&type=0&userid=&utm_channel=serp&utm_origin=web&uuid=5201e064-c543-4fd0-b93f-128635b28c3d&widgetCompany=false&geolocation=false,,,"Nissan busca Auxiliar de cuentas por pagar Requisitos:Edad 24 a 45 Lic. en contabilidad o administracionesExperiencia contableResponsable.Ofrecemos:sueldo base Prestaciones de ley Bonos y vales de despensaActividades:Contabilizar gastos de la empresaRevisar gastos fiscales de las facturasClasificar el tipo de gasto Control de cheques de secretaria de finanzasCuadro de retenciones de honorarios, arrendamientos y fletesBajar facturas originales de refaccionesElaboración de ordenes de pago de las notas de cargo de las unidades vendidasElaboración de carteras de aseguradorasImpresión de cuadernillos para estados financierosRegistros en contabilidad – provisión de gastosResúmen de retenciones Cálculo iva, ietu a empresas filialesPreparación y envío de declaraciones informativasElaboración notas de crédito Revisar ivas en conciliación de banorteRecopilar y analizar la información contable y financiera de las diversas áreas del distribuidor, con el fin de asegurar que las cuentas contables hayan sido aplicadas correctamente.Registrar las diversas operaciones contables en el sistema de contabilidad de la empresa, con el propósito de determinar los resultados financieros de la empresa.Generar los archivos de trabajo.",Administrativo,Auxiliar administrativo,Universitario titulado
https://www.occ.com.mx//empleo/oferta/17739591-asesor-de-proyectos-cd-juarez/?ai=false&ais=&origin=unknown&page=3&rank=15&returnURL=%2Fempleos%2Fen-chihuahua%2F%3Fpage%3D3%2315&sessionid=&showseo=true&type=1&userid=&utm_channel=serp&utm_origin=web&uuid=5201e064-c543-4fd0-b93f-128635b28c3d&widgetCompany=false&geolocation=false,,,"Somos SUPRA una empresa orgullosamente mexicana con más de 35 años de exitosa trayectoria en la fabricación y comercialización de luminarias LED, nos enfocamos en brindar soluciones de iluminación para todo tipo de espacios (Exterior e Interior)Te invitamos a formar parte de nuestro equipo como: INGENIERO DE VENTAS DE ILUMINACIÓN en Cd Juárez , CHObjetivo del Puesto:Cumplir con el objetivo de ventas establecida por la región, mantener e incrementar cartera de clientes, desarrollar nuevos proyectos, brindar excelente servicio a clientes y distribuidores, manteniendo excelentes relaciones comerciales.Perfil del puesto:Sólida experiencia en la industria eléctrica o de iluminación, comercializando equipo eléctrico e iluminaciónFuertes conocimientos en especificaciones técnicasExperto en ventas técnicasExperto en negociacionesExperiencia con distribuidores masterAlto enfoque a resultadosContribución del Puesto en la Compañía:Establecer, mantener y fortalecer nexos comerciales con cada cliente asignado para cumplimiento de las metas de ventas mensuales de la regiónCumplimiento con los KPIs establecidos para la regiónMantener e incrementar la facturación en nuestras cuentasDesarrollar nuevas cuentas y oportunidades de ventas en la región que permitan un constante crecimientoMantener pipeline actualizadoAnalizar y evaluar las ventas de clientesVentas IndustrialesConocimiento Industrial de la zona.Competencias:Enfoque a VentasEnfoque a ResultadosEnfoque al ClienteOrientación al ServicioNegociaciónTrabajo en EquipoPersuasiónLiderazgoRequisitos:Carrera terminada en Ingeniería, Licenciatura, Etc.Proactivo, Creativo, Enfocado en soluciones, OrganizadoVocación en VentasEnfocado a trabajar por resultadosExperiencia en Ventas de iluminación, industria, Construcción, Comercio, Industriales, etc.Conocimientos en Cotización de ProductosConocimientos necesarios:Office, CRM, KPIsVenta a distribuidores eléctricos o ferreterosVentas de proyectos industrialesOfrecemos:Contratación directa con la empresaCotización 100% IMSSAtractivo esquema de comisionesPrima vacacional %40Vales de despensa.19 días de aguinaldoSGMMSeguro de vidaApoyo de gasolinaAyuda mantenimiento automóvilLaptopCelularUniforme y Equipo de protección personalConstante capacitaciónOportunidad de desarrollo",Ventas,Ventas Técnicas,Universitario titulado
https://www.occ.com.mx//empleo/oferta/17739560-inspector-control-de-calidad/?ai=false&ais=&origin=unknown&page=3&rank=16&returnURL=%2Fempleos%2Fen-chihuahua%2F%3Fpage%3D3%2316&sessionid=&showseo=true&type=0&userid=&utm_channel=serp&utm_origin=web&uuid=5201e064-c543-4fd0-b93f-128635b28c3d&widgetCompany=false&geolocation=false,,,"GEPP empresa de desarrollo de portafolio de marcas lideres con presencia a nivel mundial y mas de 40,000 colaboradores, te invita a formar parte de su gran familia:INSPECTOR DE CALIDADCHIHUAHUA, CHIH.PERFIL DE TALENTOIng. Químico o afínExperiencia no necesariaDisponibilidad de horario (turno rotativo)Buen manejo de PCEn GEPP valoramos tu talento:Sueldo basePrestaciones superiores a las de leyTarjeta de valesOportunidad de crecimiento¡¡¡¡HISTORIAS DE ÉXITO COMIENZAN AQUÍ!!!!GEPP no cobra por participar en su proceso de reclutamiento, evaluación, selección y contratación de personal.",Ingeniería,Ingeniería en alimentos,Universitario sin titulo
https://www.occ.com.mx//empleo/oferta/17739540--estamos-buscando-vendedores-comisionistas-/?ai=false&ais=&origin=unknown&page=3&rank=17&returnURL=%2Fempleos%2Fen-chihuahua%2F%3Fpage%3D3%2317&sessionid=&showseo=true&type=1&userid=&utm_channel=serp&utm_origin=web&uuid=5201e064-c543-4fd0-b93f-128635b28c3d&widgetCompany=false&geolocation=false,,,"¡Estamos buscando Vendedores comisionistas!Ven e intégrate a nuestro Equipo ComercialSi tienes:·       Bachillerato terminada·       Independencia en tus decisionesLo único que tienes que hacer es enviarnos tu CV y nosotros te ayudaremos a desarrollar las aptitudes necesarias para ser un PROFESIONAL DE LAS FINANZASOfrecemos:ü Capacitación inmediata y continua totalmente GRATUITAü Te ofrecemos una cartera de clientes y el crear tu propia carteraü LAS MEJORES comisiones y bonos del mercado SIN LIMITESEnvía tu CV a:Si Tienes Gusto Y Experiencia En Ventas, Te Estamos Buscando",Ventas,Ventas en general,Bachillerato
https://www.occ.com.mx//empleo/oferta/17739501-ejecutivo-de-ventas-gobierno/?ai=false&ais=&origin=unknown&page=3&rank=18&returnURL=%2Fempleos%2Fen-chihuahua%2F%3Fpage%3D3%2318&sessionid=&showseo=true&type=1&userid=&utm_channel=serp&utm_origin=web&uuid=5201e064-c543-4fd0-b93f-128635b28c3d&widgetCompany=false&geolocation=false,,,"Descripción¿Estás buscando tu siguiente reto profesional dentro de una compañía global de renombre internacional que se está abriendo paso en el mercado mexicano, con un ritmo de crecimiento digno de una Start-up? Sigue leyendo…Si te atrae la idea de ver tu esfuerzo traducido al máximo en nuevas maneras de mejorar y enriquecer la calidad de vida en un lugar que abraza el cambio, que se ocupa legítimamente por las personas, altamente ético, y que impacta en más de 36 millones de personas en 31 países alrededor del mundo, ¡Esta posición va contigo!Somos Pluxee, una empresa de Sodexo (antes conocidos como Sodexo Benefits and Rewards Services), estamos inventando formas completamente nuevas de influir y enriquecer la vida de los empleados en todo el mundo. Damos vida a plataformas de beneficios y soluciones de pago para mejorar la calidad de vida en el trabajo de nuestros 440.000 clientes y 36 millones de sus empleados en 31 países.Queremos fortalecer nuestro equipo con un Ejecutivo de Ventas Gobierno en el equipo Comercial.  Tu próximo desafío·Prospección de clientes en frío por diversos canales digitales y en campo.·Seguimiento a leads para cierre de ventas.·Acompañamiento en todo el proceso de venta, desde primer contacto hasta cierre.·Vinculación con otras áreas para revisar y validar documentación al concretar una venta.   El perfil:·Escolaridad: Lic. Negocios, administración de empresas, contabilidad, relaciones comerciales, MKT (pasantes o titulados),·2 años de experiencia en puestos similares,·Conocimiento y manejo de CRM·Disponibilidad para viajar, saber conducir automóvil.·Alta capacidad de negociación.·Conocimiento en procesos de licitaciones·Experiencia con portales como compranetActividades:· Análisis y seguimiento de procesos de licitaciones· Elaboración de presentaciones ejecutivas· Seguimiento a leads para cierre de ventas· Acompañamiento en el proceso de venta, desde primer contacto hasta cierre.    Ubicación:-Chihuahua(esquema de trabajo presencial y campo)     Felicidad en el trabajo...• Un trabajo significativo: construye el futuro del mundo de beneficios para los empleados y contribuye a la calidad de vida en el trabajo para otros, también tendrás un impacto positivo en las comunidades locales. ¡Sí cuentas!• Una gran cultura: respetamos y nos preocupamos auténticamente por nuestra gente, adoptamos el equilibrio entre la vida laboral y personal, tomamos las nuevas ideas y ¡nos divertimos mucho!• La experiencia del colaborador es lo que hacemos. Por lo tanto, puedes esperar un paquete que incluye:• Salario competitivo• Prestaciones superiores a las de ley.Acerca de PluxeeTrabajar en Pluxee significa formar parte de un grupo multicultural que funciona como un solo equipo, pero también es un espacio en el que tus ideas, tus puntos de vista y tus opiniones importan. Te daremos la libertad y la autonomía que necesitas para realizar un trabajo con repercusión gracias al apoyo de un equipo que se preocupa de tu bienestar, crecimiento y conciliación entre vida laboral y familiar.Es la agilidad que esperarías de una pequeña empresa en rápido crecimiento junto con la estabilidad que solo está al alcance de una potencia mundialmente reconocida como el Grupo Sodexo.– Be the change. Let's go above and beyond.",Ventas,Comercial,Universitario sin titulo
https://www.occ.com.mx//empleo/oferta/17739494-sr-mechanical-design-supervisor/?ai=false&ais=&origin=unknown&page=3&rank=19&returnURL=%2Fempleos%2Fen-chihuahua%2F%3Fpage%3D3%2319&sessionid=&showseo=true&type=0&userid=&utm_channel=serp&utm_origin=web&uuid=5201e064-c543-4fd0-b93f-128635b28c3d&widgetCompany=false&geolocation=false,,,"Your Partner In Fire Safety For 65 Years. BRK and First Alert are now part of the Resideo family, helping to deliver global solutions for energy management, home comfort, security, and safety. As a Sr Mechanical Design Supervisor, you will supervise a team of professional engineers. You will leverage your manufacturing engineering experience and skills to lead the investigation and solution of challenging supply chain problems. You will use your leadership abilities to contribute to the evaluation of the process to meet product specifications. Through collaboration with customers and cross-functional teams, you will prioritize team workload and drive exceptional team outcomes. As a team supervisor, you will coach your team members in technical and behavioral competencies in order to deliver high-impact business results. Use your expertise and acumen in manufacturing engineering to lead a team of professional, entry-to-experienced level engineers. Drive the application of work processes and standards to ensure high production quality and process efficiency. Work collaboratively with cross-functional partners to balance your team's capacity with prioritized activities.JOB DUTIES: Responsible for the administration and development of human capital, automation technicians and engineers.Responsible for planning, ordering, receiving, integrating, installing, validating and releasing automated equipment in compliance with internal and external standards for their safety and that of the users.Responsible for managing the monetary resource in a satisfactory and transparent manner, based on documents that guarantee order and legality.Responsible for the continuous improvement of automated equipment once it is released into production.Work as a team with the different departments of the operation and assign priorities to the different automation needs triggered by business strategies or ergonomic observations.Actively participates in the monthly delivery of information on automation projects to management and corporate, as well as in information exchange meetings between plants or regional areas.Collaborates with the management and application of protocols for continuous improvement systems, safety and ergonomics programs.Responsible for applying good practices of corporate policies and guidelines, in relation to teamwork, leadership and understanding between people for a cordial coexistence.Responsible for monitoring the training plans of the personnel who will use the automations, the maintenance personnel, as well as cross-training for the continuous development of its personnel.Responsible for the design, development, integration, installation, validation and production launch of all automationsEnsures that your work team complies with the training managed for the good performance of the automations, as well as mandatory and legal training.Ensures that it meets and makes its staff comply with strategic goals and objectives.Actively participates in the 6S Program, which is a critical business objective, ensuring compliance with the program's regulations and carrying out the activities required of him or her as an Auditor, Coordinator, Leader or member of the Committee.Actively participates in the Safety and Environmental Systems, ensuring compliance with the requirements of the systems and carrying out the activities in which they are involved.Carry out work safely, efficiently and ethically.Develops other activities assigned by management to support the company's operations.Ensures the effectiveness of the quality management system and the availability of the resources necessary to achieve it.Conducts itself in accordance with the guidelines of the quality policy and ensures that it is communicated and understood at all levels.Define quality objectives, communicate them at all applicable levels and actively participate in achieving them.YOU MUST HAVE: Bachelor's degree in Engineering (Mechatronics, Robotics, Electronics, Electromechanics, Electrical, Mechanical)Minimum of 3 years of experience in the area of design and development of automation engineering projects3 or more years of automation experienceKnowledge in mechanical design, electrical control, PLC programming and Fanuc robots.Advanced English communications skillsWE VALUE: Advanced knowledge of the field's standards and specificationsComputer literacyAbility to focus on important information and identify key detailsCapability of following guidelines and ensuring efficiency on tasksApplication of basic engineering techniques to optimize manufacturing processesIndividuals who are self-motivated and able to work with little supervisionWillingness to consistently take the initiative to get things doneSignificant relevant manufacturing engineering experience WHAT'S IN IT FOR YOU?:Benefits above the Mexican lawProfessional growth in a great place to work",Ingeniería,Diseño mecánico,Universitario titulado
https://www.occ.com.mx//empleo/oferta/17739483-gerente-de-sucursal-de-paqueteria/?ai=false&ais=&origin=unknown&page=3&rank=20&returnURL=%2Fempleos%2Fen-chihuahua%2F%3Fpage%3D3%2320&sessionid=&showseo=true&type=1&userid=&utm_channel=serp&utm_origin=web&uuid=5201e064-c543-4fd0-b93f-128635b28c3d&widgetCompany=false&geolocation=false,,,"TRANSPORTES PITIC CIUDAD JUAREZ, SOLICITAGERENTE DE SUCURSAL DE PAQUETERIAOfrecemos:Sueldo base de $25,000 a $30,000 brutosBono cuatrimestral de 44 días en base a resultadosSeguro de vidaAutomóvil utilitarioPrestaciones de Ley al 100%Buscamos:Escolaridad: Ing. Industrial, Lic. en Admón. de Empresas o afín terminadaExperiencia 2 años como Gerente de Sucursales preferentemente de Paquetería, con actividades de negociación y cierre de ventas, trato al personal (administrativo y operativo), manejo de KPI's, conocimiento del mercado de la ciudadDisponibilidad de horario y para viajar, actitud de servicio, proactividad y liderazgo",Logística - Transporte - Distribución - Almacén,Embarque y distribución,Universitario titulado
